/*
 Navicat Premium Data Transfer

 Source Server         : localhost_3306
 Source Server Type    : MySQL
 Source Server Version : 50726 (5.7.26)
 Source Host           : localhost:3306
 Source Schema         : javamvcs19639tsglxt

 Target Server Type    : MySQL
 Target Server Version : 50726 (5.7.26)
 File Encoding         : 65001

 Date: 21/12/2023 23:37:23
*/

SET NAMES utf8mb4;
SET FOREIGN_KEY_CHECKS = 0;

-- ----------------------------
-- Table structure for fenlei
-- ----------------------------
DROP TABLE IF EXISTS `fenlei`;
CREATE TABLE `fenlei`  (
  `id` int(10) UNSIGNED NOT NULL AUTO_INCREMENT,
  `fenleiming` varchar(50) CHARACTER SET utf8mb4 COLLATE utf8mb4_general_ci NOT NULL DEFAULT '' COMMENT '分类名',
  PRIMARY KEY (`id`) USING BTREE
) ENGINE = InnoDB AUTO_INCREMENT = 7 CHARACTER SET = utf8mb4 COLLATE = utf8mb4_general_ci COMMENT = '分类' ROW_FORMAT = Dynamic;

-- ----------------------------
-- Records of fenlei
-- ----------------------------
INSERT INTO `fenlei` VALUES (1, '教育');
INSERT INTO `fenlei` VALUES (2, '小说');
INSERT INTO `fenlei` VALUES (3, '科技');
INSERT INTO `fenlei` VALUES (4, '人文社科');
INSERT INTO `fenlei` VALUES (5, '生活');

-- ----------------------------
-- Table structure for guihuan
-- ----------------------------
DROP TABLE IF EXISTS `guihuan`;
CREATE TABLE `guihuan`  (
  `id` int(10) UNSIGNED NOT NULL AUTO_INCREMENT,
  `jieyueid` int(10) UNSIGNED NOT NULL COMMENT '借阅id',
  `shujiid` int(10) UNSIGNED NOT NULL COMMENT '书籍id',
  `mingcheng` varchar(255) CHARACTER SET utf8mb4 COLLATE utf8mb4_general_ci NOT NULL DEFAULT '' COMMENT '名称',
  `fenlei` int(10) UNSIGNED NOT NULL COMMENT '分类',
  `zuozhe` varchar(50) CHARACTER SET utf8mb4 COLLATE utf8mb4_general_ci NOT NULL DEFAULT '' COMMENT '作者',
  `yonghu` varchar(64) CHARACTER SET utf8mb4 COLLATE utf8mb4_general_ci NOT NULL DEFAULT '' COMMENT '用户',
  `addtime` timestamp NOT NULL DEFAULT CURRENT_TIMESTAMP COMMENT '归还时间',
  PRIMARY KEY (`id`) USING BTREE,
  INDEX `guihuan_jieyueid_index`(`jieyueid`) USING BTREE,
  INDEX `guihuan_shujiid_index`(`shujiid`) USING BTREE,
  INDEX `guihuan_fenlei_index`(`fenlei`) USING BTREE
) ENGINE = InnoDB AUTO_INCREMENT = 4 CHARACTER SET = utf8mb4 COLLATE = utf8mb4_general_ci COMMENT = '归还' ROW_FORMAT = Dynamic;

-- ----------------------------
-- Records of guihuan
-- ----------------------------
INSERT INTO `guihuan` VALUES (1, 1, 22, '晚熟的人', 2, '莫言', '001', '2023-12-21 23:25:37');
INSERT INTO `guihuan` VALUES (2, 2, 21, '邮轮碎片', 2, '刘心武', '001', '2023-12-21 23:27:46');
INSERT INTO `guihuan` VALUES (3, 3, 17, 'Python机器学习', 3, '周晓玲', '004', '2023-12-21 23:36:10');

-- ----------------------------
-- Table structure for jieyue
-- ----------------------------
DROP TABLE IF EXISTS `jieyue`;
CREATE TABLE `jieyue`  (
  `id` int(10) UNSIGNED NOT NULL AUTO_INCREMENT,
  `shujiid` int(10) UNSIGNED NOT NULL COMMENT '书籍id',
  `mingcheng` varchar(255) CHARACTER SET utf8mb4 COLLATE utf8mb4_general_ci NOT NULL DEFAULT '' COMMENT '名称',
  `fenlei` int(10) UNSIGNED NOT NULL COMMENT '分类',
  `zuozhe` varchar(50) CHARACTER SET utf8mb4 COLLATE utf8mb4_general_ci NOT NULL DEFAULT '' COMMENT '作者',
  `yonghu` varchar(64) CHARACTER SET utf8mb4 COLLATE utf8mb4_general_ci NOT NULL DEFAULT '' COMMENT '用户',
  `kaishi` varchar(25) CHARACTER SET utf8mb4 COLLATE utf8mb4_general_ci NOT NULL COMMENT '开始',
  `jieshu` varchar(25) CHARACTER SET utf8mb4 COLLATE utf8mb4_general_ci NOT NULL COMMENT '结束',
  `shizhang` int(11) NOT NULL DEFAULT 0 COMMENT '时长',
  `zhuangtai` varchar(50) CHARACTER SET utf8mb4 COLLATE utf8mb4_general_ci NOT NULL DEFAULT '' COMMENT '状态',
  PRIMARY KEY (`id`) USING BTREE,
  INDEX `jieyue_shujiid_index`(`shujiid`) USING BTREE,
  INDEX `jieyue_fenlei_index`(`fenlei`) USING BTREE
) ENGINE = InnoDB AUTO_INCREMENT = 4 CHARACTER SET = utf8mb4 COLLATE = utf8mb4_general_ci COMMENT = '借阅' ROW_FORMAT = Dynamic;

-- ----------------------------
-- Records of jieyue
-- ----------------------------
INSERT INTO `jieyue` VALUES (1, 22, '晚熟的人', 2, '莫言', '001', '2023-12-21', '2023-12-22', 1, '已归还');
INSERT INTO `jieyue` VALUES (2, 21, '邮轮碎片', 2, '刘心武', '001', '2023-12-21', '2023-12-22', 1, '已归还');
INSERT INTO `jieyue` VALUES (3, 17, 'Python机器学习', 3, '周晓玲', '004', '2023-12-21', '2023-12-22', 1, '已归还');

-- ----------------------------
-- Table structure for shuji
-- ----------------------------
DROP TABLE IF EXISTS `shuji`;
CREATE TABLE `shuji`  (
  `id` int(10) UNSIGNED NOT NULL AUTO_INCREMENT,
  `mingcheng` varchar(255) CHARACTER SET utf8mb4 COLLATE utf8mb4_general_ci NOT NULL DEFAULT '' COMMENT '名称',
  `fenlei` int(10) UNSIGNED NOT NULL COMMENT '分类',
  `zuozhe` varchar(50) CHARACTER SET utf8mb4 COLLATE utf8mb4_general_ci NOT NULL DEFAULT '' COMMENT '作者',
  `chubanshe` varchar(255) CHARACTER SET utf8mb4 COLLATE utf8mb4_general_ci NOT NULL DEFAULT '' COMMENT '出版社',
  `isbn` varchar(50) CHARACTER SET utf8mb4 COLLATE utf8mb4_general_ci NOT NULL DEFAULT '' COMMENT '国际标准书号ISBN',
  `shuliang` int(11) NOT NULL DEFAULT 0 COMMENT '数量',
  `tupian` varchar(255) CHARACTER SET utf8mb4 COLLATE utf8mb4_general_ci NOT NULL COMMENT '图片',
  `jianjie` longtext CHARACTER SET utf8mb4 COLLATE utf8mb4_general_ci NOT NULL COMMENT '简介',
  PRIMARY KEY (`id`) USING BTREE,
  INDEX `shuji_fenlei_index`(`fenlei`) USING BTREE
) ENGINE = InnoDB AUTO_INCREMENT = 24 CHARACTER SET = utf8mb4 COLLATE = utf8mb4_general_ci COMMENT = '书籍' ROW_FORMAT = Dynamic;

-- ----------------------------
-- Records of shuji
-- ----------------------------
INSERT INTO `shuji` VALUES (1, '数学之美', 3, '吴军', '人民邮电出版社', '9787115537973', 500, 'upload/444f272a139aefc5aee913c37220d44d.png', '<div id=\"abstract\" class=\"section\">\n<div class=\"title\">编辑推荐</div>\n<div class=\"descrip\">\n<span id=\"abstract-all\"></span>\n<div>这是一本备受推崇的经典科普作品，被众多机构推荐为数学学科的敲门砖，是信息领域大学生的必读好书。</div>\n<div>数学既是对于自然界事实的总结和归纳，又是抽象思考的结果。在《数学之美》里，吴军博士集中阐述了他对数学和信息处理这些专业学科的理解，把数学在IT领域，特别是语音识别、自然语言处理和信息搜索等方面的美丽之处予以了精彩表达，这些都是智能时代的热门技术话题。</div>\n<div>本书还用了大量篇幅介绍各个领域的典故，是文科生也可以看懂的科普读物。成为一个领域的大师有其偶然性，但更有其必然性。其必然性就是大师们的思维方法。通过本书，可以了解他们的平凡与卓越，理解他们取得成功的原因，感受那些真正懂得数学之美的人们所拥有的美好人生。</div>\n<div>本书先后荣获国家图书馆第八届文津图书奖、第五届中华优秀出版物奖图书提名奖、入选“2014年向全国青少年推荐百种优秀图书书目”、*版曾荣获2012-2013年度全行业畅销书，《数学之美》多次被推选为必读书。《数学之美》给广大读者，尤其是在校读大学甚至读高中的年轻人带去了美的数学启示，作者更希望中国做工程的年轻人，能够从《数学之美》中体会到在信息技术行业做事情的正确方法，以便在职业和生活上都获得成功。</div>\n<div>第三版增加了三章新内容，分别介绍当今非常热门的三个主题：区块链的数学基础，量子通信的原理，以及人工智能的数学极限。</div>\n </div>\n</div>\n<div id=\"content\" class=\"section\">\n<div class=\"title\">内容简介</div>\n<div class=\"descrip\">\n<span id=\"content-all\"></span>\n<p>八年前，“数学之美”系列文章原刊载于谷歌黑板报，获得上百万次点击，得到读者高度评价。读者说，读了“数学之美”，才发现大学时学的数学知识，比如马尔可夫链、矩阵计算，甚至余弦函数原来都如此亲切，并且栩栩如生，才发现自然语言和信息处理这么有趣。 在纸本书的创作中，作者几乎把所有文章都重写了一遍，为的是把高深的数学原理讲得更加通俗易懂，让非专业读者也能领略数学的魅力。读者通过具体的例子学到的是思考问题的方式 —— 如何化繁为简，如何用数学去解决工程问题，如何跳出固有思维不断去思考创新。 本书*版荣获国家图书馆第八届文津图书奖。第二版增加了针对大数据和机器学习的内容。第三版增加了三章新内容，分别介绍当今非常热门的三个主题：区块链的数学基础，量子通信的原理，以及人工智能的数学极限。</p>\n</div>\n</div>\n<div id=\"authorIntroduction\" class=\"section\">\n<div class=\"title\">作者简介</div>\n<div class=\"descrip\">\n<span id=\"authorIntroduction-all\"></span>\n<p>吴军，学者，投资人，人工智能、语音识别和互联网搜索专家。毕业于清华大学和美国约翰·霍普金斯大学，现任丰元资本创始合伙人、上海交通大学客座教授、约翰·霍普金斯大学工学院董事等职。 吴军博士曾作为资深研究员和副总裁分别任职于Google公司和腾讯公司。在Google公司，他和同事一同开创了搜索反作弊研究领域，成立了中、日、韩文产品部门，设计了Google中、日、韩文搜索算法，领导了Google自然语言处理和自动问答等研究型项目，拥有近20项美国发明专利。在腾讯公司，他负责了搜索、搜索广告和街景地图等项目。作为风险投资人，他成功地投资了150家硅谷和中国的高科技企业。吴军博士对科技产业有深入的研究，是当今硅谷地区解读IT产业的专家。 吴军博士著有《数学之美》《大学之路》《文明之光》《智能时代》《见识》《态度》和《全球科技通史》等多部畅销书，并多次获得包括文津奖、中国好书奖、中华优秀出版物在内的图书大奖。</p>\n</div>\n</div>');
INSERT INTO `shuji` VALUES (2, 'labuladong的算法小抄', 3, '付东来', '电子工业出版社', '9787121399336', 500, 'upload/5c143006a04f0bb57ce1d42d4fb23341.png', '<div id=\"abstract\" class=\"section\">\n<div class=\"title\">编辑推荐</div>\n<div class=\"descrip\">\n<span id=\"abstract-all\"></span>\n<p>　　在你还没有拿得出手的实战项目证明自己能力时，面试官只能拿算法题评估你。力扣算法题因被BAT、*、美团、字节跳动、滴滴、拼dd、微软、亚马逊、Google、Facebook等一线科技公司选作面试题而名声大噪，不论你是想拿下大厂Offer，还是想在技术道路上走得更远，刷算法题，尤其是刷力扣算法题，无疑是一个高效率的选择。</p>\n<p>　　简单地会解某一道算法题并不意味着什么，因为很少有人能刷完力扣的上千道题，算法小抄把算法题分门别类汇总，提炼出各类题的解题框架，从而以不变应万变。</p>\n<p>　　《漫画算法》作者@程序员小灰、@stormzhang等KOL力荐。</p>\n<p>　　用喜闻乐见的语言讲述算法，书中配有几百幅有趣的算法图示，并送上部分动画演示。</p>\n </div>\n</div>\n<div id=\"content\" class=\"section\">\n<div class=\"title\">内容简介</div>\n<div class=\"descrip\">\n<span id=\"content-all\"></span>\n<p>本书专攻算法刷题，训练算法思维，应对算法笔试。注重用套路和框架思维解决问题，以不变应万变。第1章列举几个*常见的算法类型以及对应的解题框架思路，包括动态规划、回溯、广度优先搜索及双指针、滑动窗口等算法技巧。第2章用动态规划的通用思路框架解决十几道经典的动态规划问题，例如，正则表达式、背包问题，同时还介绍了如何写状态转移方程，如何进行状态压缩等技巧。第3章介绍了数据结构相关的算法，例如，二叉树相关的题目解法，也包括LRU、LFU这种面试常考的算法原理。第4章介绍回溯算法、广度优先算法等核心套路在算法题中的运用，巩固对算法框架的理解。第5章讲解了一些高频题目，每道题目可能会结合多种算法思路，也可能有多种解法，读完这一章，你就可以独自遨游题海啦。</p>\n</div>\n</div>\n<div id=\"authorIntroduction\" class=\"section\">\n<div class=\"title\">作者简介</div>\n<div class=\"descrip\">\n<span id=\"authorIntroduction-all\"></span>\n<p>付东来，微信公众号labuladong的作者，有多年的刷题经验，希望用通俗的语言帮助广大互联网从业者少走弯路，快速从根本上攻克算法难关，为职业道路的发展赋能。</p>\n</div>\n</div>');
INSERT INTO `shuji` VALUES (3, '经济学原理', 1, '曼昆', '北京大学出版社', '23697183', 500, 'upload/950d40256be52ee35bf16f7463b1efbd.png', '<p><img src=\"http://img54.ddimg.cn/99999990001306554.jpg\"></p>\n<div id=\"content\" class=\"section\">\n<div class=\"title\">内容简介</div>\n<div class=\"descrip\">\n<span id=\"content-all\"></span>《经济学原理（第7版）：微观经济学分册 宏观经济学分册》是目前国内市场上*受欢迎的引进版经济学教材之一，其*特点是它的“学生导向”，它更多地强调经济学原理的应用和政策分析，而非经济学模型。第7版在延续该书一贯风格的同时，对第6版作了全面修订和改进。大幅更新了“新闻摘录”“案例研究”等专栏，拓展了章后习题。</div>\n</div>\n<div id=\"authorIntroduction\" class=\"section\">\n<div class=\"title\">作者简介</div>\n<div class=\"descrip\">\n<span id=\"authorIntroduction-all\"></span>N. 格里高利?曼昆（N. Gregory Mankiw）， 哈佛大学经济学教授，曾在普林斯顿大学和麻省理工学院学习经济学。他讲授过宏观经济学、微观经济学、统计学和经济学原理等课程。曼昆教授还是美国国家经济研究局（NBER）的合作研究人员，国会预算办公室、波士顿和纽约联邦储备银行的顾问，以及美国教育考试服务中心（ETS）的经济学先修课程考试研发委员会成员。2003—2005年，他曾担任美国总统经济顾问委员会的主席。</div>\n</div>');
INSERT INTO `shuji` VALUES (4, '普通心理学', 1, '彭聃龄', '北京师范大学出版社', '9787303236879', 500, 'upload/e1849388182cb50b836373dc8e46aaed.png', '<div id=\"content\" class=\"section\">\n<div class=\"title\">内容简介</div>\n<div class=\"descrip\">\n<span id=\"content-all\"></span>\n<p>本书是《普通心理学》的*修订版，是教育部推荐的高等学校21世纪课程教材，北京市高等教育精品教材。全书五篇十四章，全面论述了心里学研究的对象和方法，心理的神经生理机制，人的信息加工系统（感觉、知觉、意识和注意、记忆、思维、语言）作为控制和调节系统（动机和情绪、情感）人的心理特征系统（能力和人格）学习和人的全程发展。本书不仅可作为心理系本科生的基础课教材，还可作为报考硕士、博士、研究生的重要参考书。</p>\n</div>\n</div>\n<div id=\"authorIntroduction\" class=\"section\">\n<div class=\"title\">作者简介</div>\n<div class=\"descrip\">\n<span id=\"authorIntroduction-all\"></span>\n<p>彭聃龄，1935年生，1958年毕业于北京师范大学教育系。北京师范大学认知神经科学与学习研究所教授，认知神经科学与学习国家重点实验室学术委员会副主任，博士生导师。曾系统担任普通心理学、认知心理学、心理语言学的教学工作。长期从事汉语认知研究，包括汉字识别、汉语句子与课文理解，汉语儿童语言发展、汉字识别的计算机模拟、汉语的脑成像研究等。发表论文160多篇，部分论文发表在国际重要学术刊物上。</p>\n</div>\n</div>');
INSERT INTO `shuji` VALUES (5, '营销管理', 1, '菲利普·科特勒', '格致出版社', '9787543226050', 500, 'upload/fbaaeeb6ea25db38c48a6bc5405fdd54.png', '<div id=\"content\" class=\"section\">\n<div class=\"title\">内容简介</div>\n<div class=\"descrip\">\n<span id=\"content-all\"></span>\n<p>一个学科的确立总伴随着伟大思想者和他极富盛名的著作出现，如同亚当•斯密的《国富论》之于经济学，彼得•德鲁克的《管理：任务、责任、实践》之于管理学。对于营销学来说，菲利普•科特勒的《营销管理》便是无可争议的学科奠基著作。营销管理是营销内容的前沿，因为它的内容和组织始终反映营销理论和实践的变化。在科特勒众多的著作中，这本《营销管理》无疑是凝聚了其*多心血，不断反映过去50多年营销学科的变化，也是*为全球学界和业界所接受和赞扬的经典教材，被誉为“营销圣经”。虽然科特勒在世界各地跟众多的学者都合作推出过不同地区版本的《营销管理》，但*能体现科特勒思想的精髓的只能是您手里这本原汁原味的《营销管理》。</p>\n</div>\n</div>\n<div id=\"authorIntroduction\" class=\"section\">\n<div class=\"title\">作者简介</div>\n<div class=\"descrip\">\n<span id=\"authorIntroduction-all\"></span>\n<p>菲利普•科特勒是世界范围内市场营销领域的权威之一，是美国西北大学凯洛格管理学院国际市场营销学教授（“S.C. 强生”讲座教授”）。他在芝加哥大学获经济学硕士学位、在麻省理工学院获经济学博士学位。同时，他还在哈佛大学做过数学方面的博士后、在芝加哥大学做过行为科学方面的博士后。<br>凯文•莱恩•凯勒是达特茅斯学院塔克商学院市场营销学教授（E.B. 奥斯本讲座教授）。他曾在康奈尔大学、卡内基、梅隆大学和杜克大学获得相应的学位。在达特茅斯，他为MBA学员和EMBA学员讲授营销管理与战略品牌管理方面的课程。</p>\n</div>\n</div>\n<div id=\"catalog\" class=\"section\">\n<div class=\"title\">目　　录</div>\n<div class=\"descrip\"><span id=\"catalog-show\">第一篇 理解营销管理<br>第1章 定义营销新现实<br>第2章 制定营销战略与营销计划第二篇 获取营销洞见<br>第3章 信息收集与需求预测<br>第4章 实施营销调研<br>第三篇 与顾客建立联接<br>第5章 创造长期顾客忠诚<br>第6章 分析消费者市场<br>第7章 分析企业市场<br>第8章 开发全球市场<br>第四篇 建立强势品牌<br>第9章 识别细分市场与目标市场<br>第10章 品牌定位<br>第11章 创建品牌资产</span></div>\n</div>');
INSERT INTO `shuji` VALUES (6, '管理学(第13版)', 1, '斯蒂芬·P·罗宾斯', '中国人民大学出版社', '9787300234601', 666, 'upload/c37e41d360b433d2b8bac3b32bb22d23.png', '<div class=\"title\">内容简介</div>\n<div class=\"descrip\"><span id=\"content-show\">本书位列全球基础管理学教材的榜首，自引进我国以来，深受国内学界和业界的欢迎，也影响了无数的中国读者和管理者。全书以管理的四大职能——计划、组织、领导、控制为主体脉络，环环相扣，逻辑清晰，全面覆盖了管理理论的主要知识点，将管理理论与管理实践紧密结合，帮助读者提升管理技能。<br>第13版是zui新版，适应管理理论与实践的发展，进行了及时的更新，主要包括：<br>• 充分以技能和职业为重点，切实让学生为进入职场做好准备。<br>• 各章增加了开篇专栏“这是你的职业”，突出管理者需要掌握的关键工作技能，如：时间管理、成为更好的决策者、培养全球观等。<br>• 对部分章节进行了调整，将“决策”一章移到了第I篇“管理导论”（因为管理者做的一切都包含决策），把创业型企业的内容移到了第III篇“计划”，拓展了第II篇“现代工作场所的管理基础知识”的内容，涵盖了在现代工作场所进行管理的基本知识，如环境与文化、全球观、多样性、社会责任与道德和变革与创新等。<br>• 增加了新时代的新话题，包括大数据、游戏化、可穿戴技术、社交媒体及其他内容。</span></div>\n<div class=\"section_show_more\">\n<div id=\"authorIntroduction\" class=\"section\">\n<div class=\"title\">作者简介</div>\n<div class=\"descrip\">\n<span id=\"authorIntroduction-all\"></span>\n<p><strong>◆ </strong><strong>作者简介 </strong><strong>◆</strong></p>\n<p><strong>斯蒂芬•罗宾斯（</strong><strong>Stephen P. Robbins</strong><strong>）</strong>，美国圣迭戈州立大学管理学荣誉退休教授，全球管理学与组织行为学最畅销教材的作者，拥有亚利桑那大学博士学位。他的书被全球1500多所高校采用，并被译成20多种文字在世界各地广泛使用。研究兴趣包括组织中的冲突、权力与政治、行为决策、有效人际技能的开发等。入选美国田径名人堂，现仍保持着65岁以上100米和200米跑的世界纪录。</p>\n<p align=\"left\"><strong>玛丽•库尔特（</strong><strong>Mary Coulter</strong><strong>）</strong>，美国密苏里州立大学荣誉退休教授，拥有阿肯色大学博士学位。除本书外，还撰有《实践中的战略管理》和《实践中的创业》等著作。</p>\n<p align=\"left\"><strong>◆ </strong><strong>译者简介</strong> <strong>◆</strong></p>\n<p align=\"left\"><strong>刘</strong><strong> </strong><strong>刚</strong>，管理学博士，中国人民大学商学院教授、博士生导师，企业管理系主任，中国企业管理研究会常务副理事长。主要研究领域为传统管理思想、企业战略与文化等。</p>\n<p align=\"left\">出版《中国传统文化与企业管理》《管理学》《危机管理》《战略管理》等著作约50部；在国内外核心期刊发表论文50余篇，在畅销财经类报刊发表专栏文章150余篇。</p>\n<p align=\"left\">获第四届蒋一苇企业改革与发展学术基金奖、北京市教育教学成果奖、第六届中国社会科学院优秀科研成果奖、第八届中国MBA发展论坛杰出贡献奖，中国人民大学“十大教学标兵”。</p>\n</div>\n</div>\n<div id=\"preface\" class=\"section\">\n<div class=\"title\">前　　言</div>\n<div class=\"descrip\">\n<span id=\"preface-show\">自从这本书的第一版在1984年面世以来，工作场所和管理学领域已经改变了很多。当然，这本书也跟随着管理实践而更新。随着新故事和新研究出版，我们对于什么造就有效管理者的知识拓宽了，我们改变了这本书来涵盖新的内容。展现在你们面前的正是对于有效管理的最新知识总结。<br>——斯蒂芬•罗宾斯<br><br>自1984年问世以来，罗宾斯与库尔特教授撰写的《管理学》一书已经更新至第13版，每一版都成为风靡世界的管理学教材，在全球范围内具有广泛的影响力。至今，这一教材已被译成汉语、西班牙语、俄语、德语、捷克语、泰语、印尼语等多种语言，中国和菲律宾发行了英文的影印版，加拿大、澳大利亚和印度发行了英文的改编版。自20世纪90年代被引进到中国以来，这一教材广受欢迎，成为国内采用率最高的管理学引进教材，赢得了高校师生及各类组织管理者的一致好评。<br>作为企业管理专业的教学人员，我们曾多次研读这一教材的以往版本。在第13版的翻译过程中，我们更加深入地学习了这两位博学多才的学者的管理学思想，对他们愈发钦佩，并由衷地感谢他们对于管理学教学所做出的卓越贡献。</span>\n<div class=\"section_show_more\"> </div>\n</div>\n</div>\n</div>');
INSERT INTO `shuji` VALUES (7, ' 古代人的日常生活', 4, '讲历史的王老师', '江苏凤凰文艺出版社', '9787559442628', 500, 'upload/4387e8f5a22639217a4b678256ac608d.png', '<div class=\"title\">内容简介</div>\n<div class=\"descrip\"><span id=\"content-show\">　　在古代上厕所居然是一件危险的事？<br>　　在上古时代，厕所很简陋，就是露天挖一个大坑，人在坑边上如厕。后来，人们在粪坑上面搭建了小屋，估计是怕露天风大把人吹进粪坑。那时候上厕所的确是一件危险的事，如果不小心掉进坑里，不摔死也会被淹死。你别笑，历史上还真有这样的事……<br>　　古代的情人节居然不是七夕？<br>　　古代的七夕节，仅限于未婚女性过节，未婚女子可以穿上漂亮的衣服，和小姐妹们聚会，互相切磋女红技巧，聚餐玩耍。所以，七夕并不是古代的情人节，而更像古代的“妇女节”或者说是“女光棍节”。<br>　　古人怎么度过炎炎夏日？<br>　　古人使用风扇的时候，会把风扇放在水池后面，或者在风扇前摆两盆冰块，这样送出来的风就是凉的，这种风扇已经具备了空调的功能。还有的人会在风扇前摆很多盆鲜花，这样吹出来的风都是香的。</span></div>\n<div class=\"section_show_more\">\n<div id=\"authorIntroduction\" class=\"section\">\n<div class=\"title\">作者简介</div>\n<div class=\"descrip\">\n<span id=\"authorIntroduction-all\"></span>\n<p>　　“讲历史的王老师”，本名王磊，毕业于东北师范大学历史系，现为东北师范大学附属中学的历史教师。</p>\n<p>　　在教学过程中，他发现学生们对古人的日常生活很感兴趣，但平时的历史教学很少涉及这方面内容，于是思考用什么样的方式能更好地传播这些知识。</p>\n<p>　　从2018年5月起，他以“讲历史的王老师”为名，在抖音APP上专门介绍有关古代中国人日常生活的历史知识，涉及衣食住行、恋爱婚姻、风俗娱乐等方方面面的内容。脑洞大开的问题，干货十足的知识点，再加上王老师作为东北人所特有的幽默讲解，让人忍不住一口气跟完。</p>\n</div>\n</div>\n<div id=\"catalog\" class=\"section\">\n<div class=\"title\">目　　录</div>\n<div class=\"descrip\">\n<span id=\"catalog-all\"></span>\n<p><strong>　　序</strong></p>\n<p><strong>　　 生活篇：古人没厕纸，怎么上厕所</strong></p>\n<p><strong> 　　饮食篇：古人喝酒，为什么那么能喝</strong></p>\n<p><strong> 　　文化篇：古人说话，也用文言文吗</strong></p>\n<p><strong> 　　情感篇：古人谈恋爱，不在七夕节</strong></p>\n<p><strong> 　　社会篇：古人工作，什么行业最赚钱</strong></p>\n<p><strong> 　　后记</strong></p>\n<p> </p>\n</div>\n</div>\n</div>');
INSERT INTO `shuji` VALUES (8, '趣说中国史', 4, '趣哥', '台海出版社', '9787516827628', 500, 'upload/daf5c6aee56962cd891c1a8ff1d3e5a4.png', '<div class=\"title\">编辑推荐</div>\n<div class=\"descrip\"><span id=\"abstract-show\">编辑推荐1：首次梳理422大帝王关系脉络，以诙谐对话手法呈现千年中国史！<br><br>本书通过群聊对话的形式将中国历史上的422位皇帝置于一个空间，就历史要事、典故、战役、文化、政治等展开讨论，以此呈现中国各朝代的核心事件。形式新颖、视角独特、内容有趣！<br><br>编辑推荐2：200万历史大V趣哥，用现代人ZUI熟悉ZUI习惯的交流方式写透中华史精髓！<br><br>用现代人zui熟悉的群聊方式来呈现各朝代之间的发展更迭、爱恨情仇，在鲜活的表述形式下给读者呈现*鲜活、好玩的“皇帝掐架”！<br><br>编辑推荐3：用ZUI漫不经心的方式讲述ZUI正经艰深的历史主题！<br><br>本书作者从朝代更替、货币、国库盈亏、文学、艺术、政绩等13大主题展开讨论，作为暗线，借由群中帝王对话的形式呈现出中国各个朝代的迭代更替和王朝兴衰浮沉。而且，作者查阅史著史料，保证每一个历史知识点的精准无误！看完本书，脑海中收入一部正儿八经的中国史！<br><br>编辑推荐4：给每位皇帝注入灵魂，使422位皇帝的性格和轶事均跃然纸上！<br><br>历史是人创造的，每位帝王的性格从很大程度上决定着王朝的兴衰，本书从一段段群聊和对话中神还原了每位皇帝的神态和语气。这是一本有灵魂的书，422位帝王在作者的笔下不再是一个个生硬的历史人物，而是一个个活跃而有趣的灵魂，很好地实现了历史与现代的交融。</span></div>\n<div class=\"descrip\">\n<div id=\"content\" class=\"section\">\n<div class=\"title\">内容简介</div>\n<div class=\"descrip\">\n<span id=\"content-all\"></span>\n<p>　　本书用群聊方式将中国史上的422位皇帝置入一个空间中，从朝代更替、货币、国库盈亏、文学、艺术、政绩等13个主题展开讨论，借由群中帝王对话的形式呈现出中国各个朝代的迭代更替、历史要件和王朝兴衰、浮沉。</p>\n<p> </p>\n<p>　　这是一本有灵魂的书，422位帝王在作者的笔下不再是一个个生硬的历史人物，而是一个个活跃而有趣的灵魂，很好地实现了历史与现代的交融。历史爱好者既能系统了解各朝代的兴衰与历史大事，又能在寓教于乐中一次记牢中国历史上的皇帝。而且，本书中所有皇帝的画像由著名插画师绘制。因此，这是系统了解中国历史的新颖著作。</p>\n</div>\n</div>\n<div id=\"authorIntroduction\" class=\"section\">\n<div class=\"title\">作者简介</div>\n<div class=\"descrip\">\n<span id=\"authorIntroduction-all\"></span>\n<p>趣哥，本名吴军锋。计算机专业硕士毕业，本是一个穿格子衬衫的IT理工男。后来跑偏成为一个内容创作者，创立了百万级粉丝微信公众大号“趣哥”。</p>\n<p>熟读中国史，尤爱钻研历代皇帝的起伏人生。在2019年，尝试用群聊体形式解说中国历代422个皇帝，凭借原创文章“如果把中国422位皇帝放在一个群里，他们会聊些什么”一举成名。该系列文章篇篇20万 ，单篇最高阅读量超过1200万人次，全网阅读量超过一亿人次。</p>\n</div>\n</div>\n</div>');
INSERT INTO `shuji` VALUES (9, '罗织经', 4, '（唐）来俊臣', '黄山书社', '9787546109992', 500, 'upload/e431555484fbab9eda3bd2706dd6ea96.png', '<div class=\"title\">内容简介</div>\n<div class=\"descrip\">\n<p>唐朝酷吏来俊臣、万国俊所撰的《罗织经》，是一部专讲罗织罪名、角谋斗智的书籍。在中国几千年的历史上，它是一道独特的“风景”，一次必然的孽生，有着不同寻常的意味。<br>其一，它是人类有始以来，*部制造冤狱的经典。<br>其二，它是酷吏政治中，*部由酷吏所写，赤裸裸的施恶告白。<br>其三，它是文明史上，*部集邪恶智慧之大成的诡计全书。<br>其四，它*次揭示了奸臣何以比忠臣过得更好的奥秘——权谋厚黑。<br>据史载，整人专家周兴临死之际，看过《罗织经》自叹弗如，甘愿受死；一代人杰宰相狄仁杰阅罢《罗织经》，冷汗迭出，却不敢喊冤；雄才女皇武则天面对《罗织经》，叹道：“如此机心，朕未必过也。”遂生杀机。难怪柏杨在《中国人史纲》中颇具讽刺意味地写道：“南周王朝在历史上出现短短十六年，对人类文化*的贡献是一部《罗织经》。” 来俊臣、万国俊之流早已丧命，但不可否认，他们的害人哲学和封建遗毒并未彻底消亡。本着让世人认清奸人面目，识破恶人伎俩，存留历史真实，从反面认知人性的目的，我们在保留本书原貌的基础上，批判性地对全书作了逐段逐句的解释评议。为了让读者更深入、更形象地了解和识别恶人的手段，吸取教训，我们在每一释评之后，又根据史实，编写了相关的事典。这样使读者可以从反面汲取有益的东西，在纷繁复杂的世象中，能防诬反骗，识破伎俩，勿受其害，此为本书出版之目的。<br>历史经验告诉我们，奸人的“智慧”不可忽视。他们害人无数，一方面源于他们心狠手辣、无耻之极；另一方面，奸人的心机和手段实不乏“高明”。正直善良的人们如果小看了他们，难免会吃亏上当、遭其暗算。从这个意义上说，揭穿奸人的害人把戏并不重要，重要的是使人们洞悉其奸，勿受其害。正所谓，防天花需种牛痘；只有了解邪恶，才能战胜邪恶。</p>\n<span id=\"content-show-all\"></span>\n<div class=\"section_show_more\">\n<div class=\"title\">作者简介</div>\n<div class=\"descrip\">\n<span id=\"authorIntroduction-all\"></span>\n<p>来俊臣，唐武则天时代的酷吏。少时凶险，不事生产，他因告密得武则天信任。他和羽党共撰《罗织经》，作为告密的典范，罗织人罪，陷害无辜。他们实行广泛的秘密侦查，集整人之大成，是请君入瓮的发明者。</p>\n</div>\n</div>\n</div>');
INSERT INTO `shuji` VALUES (10, '人间词话', 4, '王国维', '上海三联书店', '9787542641892', 500, 'upload/ce3c2f6e960120c22725f7fe7d324475.png', '<div id=\"abstract\" class=\"section\">\n<div class=\"title\">编辑推荐</div>\n<div class=\"descrip\">\n<span id=\"abstract-all\"></span>\n<p>编校者周锡山为国内研究王国维文学、美学</p>\n<p>周锡山老师在海内外著名高校开设王国维讲座和课程，讲授王国维词学、美学、国学等知识。<br>由周老师编校的《人间词话》版本被读者自发网评为大学文学专业之必读版本。<br>本书是迄今为止较全面、权威的《人间词话》版本。<br>集编、校、释、评于一体，赏读、收藏于一书。<br>《人间词话》堪称词论界的圭臬，其论点可作为词学、美学的根据，影响很是深远，是晚清以来有影响的著作之一。<br>著名学者周锡山倾心数十年，编校评注词学、美学经典著作。</p>\n<p align=\"left\"> </p>\n </div>\n</div>\n<div id=\"content\" class=\"section\">\n<div class=\"title\">内容简介</div>\n<div class=\"descrip\">\n<span id=\"content-all\"></span>\n<p>本书收齐《人间词话》的各种版本：手稿本，定稿本，未刊本，删改本、选本和通行本，及通行本中的附录本。本书将以上诸本作了汇校，以方便读者阅读和思考。注解部分有人名的介绍和词话中引及的诗词原文及其难点的解释，向读者提供比较全面的知识。汇评部分涵盖20世纪的诸家评论，将精彩的有独到见解的评论收集在一起，便于读者参考和在此基础上做出更深入的思考。</p>\n</div>\n</div>\n<div id=\"authorIntroduction\" class=\"section\">\n<div class=\"title\">作者简介</div>\n<div class=\"descrip\">\n<span id=\"authorIntroduction-all\"></span>\n<p>周锡山，浙江宁波人。1982年毕业于华东师范大学中文系，获文学硕士学位。任上海艺术研究所副研究员、研究员；上海工商外国语学院文法系专业指导委员会主任、特聘教授；中国作家协会成员。<br>著有《王国维美学思想研究》、《王国维文学美学论著集》（编校）、《人间词话汇编汇校汇评》（编校）、《金圣叹全集》（编校）等。作品曾获江苏省出版二等奖、文化部首届文化艺术成果奖三等奖、中国图书奖。</p>\n</div>\n</div>');
INSERT INTO `shuji` VALUES (11, '美国儿科学会育儿百科', 5, '塔尼娅·奥尔特曼', '北京科学技术出版社', '9787571409005', 500, 'upload/242a1fde76b93d3bdb5a0365453affb4.png', '<div id=\"abstract\" class=\"section\">\n<div class=\"title\">编辑推荐</div>\n<div class=\"descrip\">\n<span id=\"abstract-all\"></span>\n<p>•美国儿科学会的经典代表作，凝结了百位儿科医生的智慧；<br>•出版30年，修订到第7版，内容始终与儿科医学和时代的进步同步；<br>•科学而严谨，以众多的研究为内容依托；<br>•全面而贴心，覆盖从孕产期到婴幼儿期乃至孩子5岁前的方方面面，想父母之所想,急父母之所急；<br>•不仅有重要的喂养信息，还有促进大脑发育、行为养成、家庭关系处理等更多内容；<br>•你还会知道哪些健康问题是不需要担心的，可以采取什么家庭护理方式，而哪些问题是需要立即寻求医疗救治的；<br>•体系非常清晰，便于查阅；<br>•新版更新增了“电子检索功能”，使读者可以快速定位相关内容；<br>•本书将助你科学育儿、安心育儿，成为更自信的父母；<br>•著名儿科专家张思莱倾情作序；<br>•北京儿童医院主任医师、教授申昆玲鼎力推荐。</p>\n </div>\n</div>\n<div id=\"content\" class=\"section\">\n<div class=\"title\">内容简介</div>\n<div class=\"descrip\">\n<span id=\"content-show\">这是一部儿科医生推荐、值得父母信赖的育儿百科。凝结百位儿科医生的智慧，经过7次全面修订，内容具有科学性、先进性和全面性。在本书中，你将获得以下方面的信息。<br>·妊娠期的营养、运动和筛查；<br>·分娩的过程及相关事宜；<br>·新生儿的全面护理；<br>·早产儿的健康问题；<br>·母乳喂养及配方奶喂养；<br>·辅食添加、睡眠及如厕训练；<br>·各种能力分阶段发育里程碑；<br>·各阶段促进孩子大脑发育的方法；</span>\n<div class=\"title\">作者简介</div>\n<div class=\"descrip\">\n<span id=\"authorIntroduction-all\"></span>\n<p>美国儿科学会简介：</p>\n<p>    美国儿科学会由6.7万名儿科保健医生、儿科专科医生和小儿外科专家组成，始终致力于保障婴幼儿、较大儿童及青少年的健康、安全和幸福。该学会掌握了科学、全面、先进的儿童养育和儿童健康知识，秉持严谨的科学态度，是在全世界极具影响力的儿科学会。</p>\n<p>主编简介<br>〔美〕塔尼娅•奥尔特曼<br>    儿科医生，3个孩子的妈妈，卡拉巴萨斯儿科诊所创始人，美国儿科学会发言人，美国加利福尼亚大学洛杉矶分校美泰儿童医院助理临床教授，著有《美国儿科学会婴幼儿养育基础》等书。</p>\n</div>\n</div>\n</div>');
INSERT INTO `shuji` VALUES (12, '可怕的两岁', 5, '约翰·罗斯蒙德', '北京科学技术出版社', '9787530486375', 500, 'upload/e8d59a83ca880e664aa4c3bcb80c76db.png', '<div id=\"abstract\" class=\"section\">\n<div class=\"title\">编辑推荐</div>\n<div class=\"descrip\">\n<span id=\"abstract-all\"></span>\n<p>两岁关键期的教养圣经</p>\n<p>颠覆的观点 详实的案例 新颖的诀窍<br>给家长带来全新启发、批判性视角以及育儿自信！</p>\n </div>\n</div>\n<div id=\"content\" class=\"section\">\n<div class=\"title\">内容简介</div>\n<div class=\"descrip\">\n<span id=\"content-all\"></span>\n<p>把可怕的两岁变成可爱的两岁！</p>\n<p>一提到所谓的“可怕的两岁（Terrible Two）”，家长们往往会联想到孩子突如其来的怒意、坚决不从的挑衅、生龙活虎地东奔西走……众所周知，两岁的孩子以可怕而闻名，从某种意义上来说确也是名副其实。不过，两岁的孩子同时也处在人生奇妙而又重要的过渡阶段。这一突破期会成为*好的时期还是*坏的时期，取决于家长能否了解孩子的天性，是否能制定出清晰的育儿目标。</p>\n<p>在本书中，著名家庭心理学家、专栏作家、在美国拥有读者数量*多的育儿专家之一的约翰·罗斯蒙德，详细阐述了想要顺利度过这一可能出现混乱的时期的秘诀，并从以下几个方面指导父母进行育儿：<br>◆如厕训练<br>◆养成良好的睡眠习惯<br>◆建立有效奖惩机制<br>◆控制咬人等过激行为<br>◆涉及儿童领地意识的相关问题</p>\n<p>希望这整套行之有效的方法能够帮助家长激发出两岁孩子的*状态，让他们在今后的生活中取得成功，在人际交往中无往而不利，同时平稳且富有创造性地度过整个青少年时期。</p>\n<p>当当独家定制，首次公开的《可怕的两岁：思维导图版育儿笔记》拥有以下三大功能：<br>1. 总结：针对两岁孩子家长*常见的26个棘手问题，精心归纳总结《可怕的两岁》中的解决方法，并制作成思维导图，方便忙碌的家长快速定位，解决问题。<br>2. 拓展：延伸阅读板块为家长补充亲子家教知识，拓展思路，抓住两岁黄金期的教养，一次网罗5本家教图书的经典片段，把育儿宝典装进口袋，利用碎片时间即可轻松阅读。<br>3. 记录：每两周配*方格手账页，让家长随时记录孩子的成长点滴、自己的心路历程，陪孩子走过这一棘手又美妙的人生阶段。</p>\n</div>\n</div>\n<div id=\"authorIntroduction\" class=\"section\">\n<div class=\"title\">作者简介</div>\n<div class=\"descrip\">\n<span id=\"authorIntroduction-all\"></span>\n<p>约翰·罗斯蒙德（John Rosemond），家庭心理学家，乐观育儿中心（Center for Affirmative Parenting）负责人。该中心总部位于美国南加利福尼亚州，是国家级资源中心，致力于为父母提供实用的育儿建议及资源。为实现这一目标，该中心还开设有研习班，并举办教育类讲座，供父母及儿童教育工作者学习交流。</p>\n<p>1978 年，约翰· 罗斯蒙德开设自己的第一个家庭专栏，此后专栏内容被美国、加拿大境内的一百多家报社竞相转载。目前，专栏内容定期发表于《美好家园》（Better Homes and Gardens）杂志以及美国联合航空公司的机上杂志《半球》（Hemispheres）。<br>此外，约翰·罗斯蒙德常年受邀在各地进行演讲，他幽默且极富感染力的育儿报告及相关研讨会发言获得了美国各地的父母及专家团体的持续好评。感兴趣的读者可访问他的网站www.rosemond.com。</p>\n</div>\n</div>');
INSERT INTO `shuji` VALUES (13, '爱吃的人总会相遇', 5, '小宽', '河北教育出版社', '9787554557549', 500, 'upload/8173b6c9472f137609059e3f05d32653.png', '<div id=\"abstract\" class=\"section\">\n<div class=\"title\">编辑推荐</div>\n<div class=\"descrip\">\n<span id=\"abstract-all\"></span>\n<p>★从业近20年美食记者、一大口美食创始人小宽写给入门吃货的全景觅食指南，给中阶吃货的自我修养指南，给高阶吃货的终极进化指南。吃货的*境界是知觉到：吃饭，*终是吃人。*好吃的饭，是和*好的人一起吃。          ★一本爱吃的人的全景觅食指南<br>从顺德到东京，从敦煌到西西里；从黄山脚下到台州海边，从北京的胡同到成都的巷子；从新荣记到簋街小龙虾，从大董到绿皮火车上的烧鸡；从金钱油塔到木莲豆腐，从蟹糊冰淇淋到肥肠十全宴。作为近20年中国美食发展脉络和潮流变换的记录者与见证人，小宽在这本书里写出了中国美食的庙堂之高和江湖之远。当你不知道吃什么的时候，就翻翻这本书，跟着小宽一起吃。<br>★一本爱吃的人的自我修养指南<br>一碗完美的炸酱要用到哪6种酱底？桂花蝉迷人的香味来自何处？大黄鱼为什么东海的*好？一位河南厨师在上海餐厅里腌制的江南醉熟蟹，为什么要用安徽的黄酒？辣椒江湖有什么规矩？豆腐做派有何讲究？答案这本书里都有。作为一位有追求的吃货，如果你对自我修养有更高的要求，这本书里还专门有一篇《美食进阶阅读指南》，助你向资深吃货高歌猛进。<br>★一本爱吃的人的终极进化指南<br>黄珂的客厅、陈立的厨房；*饭搭子陈晓卿、精致美食家赵胤胤；萍水相逢的食客，肝胆相照的兄弟；儿时懵懂的玩伴、眼前年迈的父亲。吃货的*境界，是知觉到：吃饭，*终是吃人。*好吃的饭，是和*好的人一起吃。因为人，饭也成了我们*珍重的记忆。</p>\n </div>\n</div>\n<div id=\"content\" class=\"section\">\n<div class=\"title\">内容简介</div>\n<div class=\"descrip\">\n<span id=\"content-all\"></span>\n<p>作为《舌尖上的中国》*、第二季，以及《风味人间》的美食顾问，也是近20年中国美食发展脉络和潮流变换的记录者与见证人，小宽在这本美食随笔集中，不但了介绍了琳琅满目、诱人垂涎的美食，记录了自己吃遍五湖四海的美食之旅，探寻了中国庙堂之上和江湖之间的饮食文化，更重要的是，所有这些的关于美食的笔墨，本质上又似乎都是在写一句话：“吃饭就是吃人”。在小宽这本书里，食物将人与人串联起来，因美食而相识、相处、相知，不管是亲情、友情、乡情还是萍水相逢的温情，都伴随着饮食的故事而发生。饭桌的江湖、山川的故人、酒肉的朋友、人间的清单，每一辑都充满人间况味，既暖胃，又暖心。</p>\n</div>\n</div>\n<div id=\"authorIntroduction\" class=\"section\">\n<div class=\"title\">作者简介</div>\n<div class=\"descrip\">\n<span id=\"authorIntroduction-all\"></span>\n<p>小宽，本名赵子云，1980年出生，诗人，美食记者，专栏作家。<br>《舌尖上的中国》第一、二季，《风味人间》美食顾问。<br>曾任《新京报》美食记者、搜狐美食主编，现为“一大口美食”创始人。<br>出版有《小宽带你100元吃遍北京》、《饭否》等美食书籍。</p>\n</div>\n</div>');
INSERT INTO `shuji` VALUES (14, '君之烘焙：烘焙的基本', 5, '君之', '北京科学技术出版社', '9787571403911', 500, 'upload/8b156ebc575b86734aab0035239d0924.png', '<div id=\"abstract\" class=\"section\">\n<div class=\"title\">编辑推荐</div>\n<div class=\"descrip\">\n<span id=\"abstract-all\"></span>\n<p>★关注人数超过260万，作品累计销量超过300万的烘焙圈“大神“君之，分享12年来的烘焙心得。</p>\n<div>★“我烘焙12年，做了1000多种甜点，这384个要点*关键。”——君之</div>\n<div>★874张高清大图，不错过任一个关键细节。</div>\n </div>\n</div>\n<div id=\"content\" class=\"section\">\n<div class=\"title\">内容简介</div>\n<div class=\"descrip\">\n<span id=\"content-all\"></span>\n<p align=\"left\">如何做烘焙，才能一次就成功？</p>\n<p align=\"left\">关注人数超过260万，作品累计销量超过300万的烘焙圈“大神”君之，分享12年来的烘焙心得。包括：</p>\n<p align=\"left\">①软化黄油、隔水加热等10项基本功的操作要点；</p>\n<p align=\"left\">②27种原料和22种工具的选购及使用建议；</p>\n<p align=\"left\">③打发黄油、打发全蛋等8种核心手法的方法、重点、操作误区及状态对比。</p>\n<p align=\"left\">当你不清楚这些“烘焙的基本”，很可能会导致烘焙失败。而当你一旦领会，便会发现烘焙如此简单，如此有趣！</p>\n<p>此外，书中为每一种手法精选了5个配方与1个小点心作为示例，虽算不上特别丰富，却足以使大家举一反三。</p>\n</div>\n</div>\n<div id=\"authorIntroduction\" class=\"section\">\n<div class=\"title\">作者简介</div>\n<div class=\"descrip\">\n<span id=\"authorIntroduction-all\"></span>\n<p>君之</p>\n<div>原是一名IT男，2006年开始利用业余时间烘焙，2008年在网上开设了博客“君之的手工烘焙坊”，与大家分享烘焙配方与心得。因配方成功率高、讲解细致，该博客在短短几年间便有了数百万的粉丝追随，点击量更是突破了3亿次。之后，他辞去工作，全心投入到家庭烘焙配方的研发中。曾出版《跟着君之学烘焙》《跟着君之学烘焙2》等图书，累计销量超过300万册。</div>\n</div>\n</div>\n<div id=\"catalog\" class=\"section\">\n<div class=\"title\">目　　录</div>\n<div class=\"descrip\"><span id=\"catalog-show\">【基础篇】<br>第一章 烘焙的十项基本功 1<br>1. 对材料进行准确称量<br>2. 软化黄油<br>3. 将面粉过筛<br>4. 隔水加热<br>5. 用裱花袋挤面糊<br>6. 对模具进行防粘处理<br>7. 铺垫烘焙纸<br>8. 给烤箱预热<br>9. 调节烤箱的温度<br>10. 使烤箱均匀加热<br><br>第二章 挑选原料与工具 13</span></div>\n</div>');
INSERT INTO `shuji` VALUES (15, 'Power Query数据清洗实战', 3, 'Excel Home', '北京大学出版社', '9787301317716', 600, 'upload/46c5a9c431c023b6f1d4b2c41ab6480a.png', '<div id=\"abstract\" class=\"section\">\n<div class=\"title\">编辑推荐</div>\n<div class=\"descrip\">\n<span id=\"abstract-all\"></span>\n<p>1. 女生：如果你不想学习太多函数或VBA，本书适合你，因为Power Query的大部分功能都是 “一鼠到底”。<br>2.男生：如果你想在女生面前秀技术，本书适合你，因为Power Query可以分分钟合并成百上千的工作表数据。<br>3. 在校大学生：如果你想从零基础进行提升，本书适合你，因为阅读此书，恰似一堂情景教学课，本书通过“妖言妖语”，把复杂繁琐的操作讲得清晰直白，让你循序渐进地掌握Power Query的高级用法。<br>4. 职场人士：如果你想极速提升工作效率，本书适合你，因为Power Query的技术将助你轻松应对各种数据处理的疑难杂症。</p>\n </div>\n</div>\n<div id=\"content\" class=\"section\">\n<div class=\"title\">内容简介</div>\n<div class=\"descrip\">\n<span id=\"content-all\"></span>\n<p>本书通过对多个实例的演示与讲解，详细介绍了Excel的*功能组件Power Query在数据查询与数据转换方面的主要功能。全书共分为8章，主要包括Power Query编辑器的基本功能，常见数据类型的查询与导入，对原始数据进行合并、拆分、计算、转换等数据整理操作，Power Query中M公式的编写方法等。<br>本书语言风趣，专注于具体的应用场景，而不拘泥于功能本身，图示清晰、可操作性强且便于查阅，能有效帮助读者提高Excel的使用水平，提升工作效率。<br>本书主要面向Excel的初、中级用户以及IT技术人员，对于Excel高级用户也具有一定的参考价值。</p>\n</div>\n</div>\n<div id=\"authorIntroduction\" class=\"section\">\n<div class=\"title\">作者简介</div>\n<div class=\"descrip\">\n<span id=\"authorIntroduction-all\"></span>\n<p>Excel Home是一个主要从事与推广Microsoft Office应用技术的非营利性网站，该网站上汇聚了众多中国大陆地区及港台地区的Office高手，他们身处各行各业，并身怀绝技！在这批高手以及众多会员的帮助下，Excel Home出版了一系列精彩图书，获得一致好评！</p>\n</div>\n</div>\n<div id=\"catalog\" class=\"section\">\n<div class=\"title\">目　　录</div>\n<div class=\"descrip\"><span id=\"catalog-show\">目 录<br>第1章 “异空间”简介 1<br>1.1 进入“异空间” 2<br>1.2 “异空间”界面 5<br>1.3 回“现世” 11<br>1.4 再进“异空间” 14<br>1.5 导入Excel中的数据 16<br>1.6 数据源与查询表的关系 19<br>第2章 处理数据 22<br>2.1 导入JSON文件 23<br>2.2 整理标题（表头） 27<br>2.3 整理数据类型 28<br>2.4 整理列 31<br>2.5 整理行 35</span></div>\n</div>');
INSERT INTO `shuji` VALUES (16, '高性能MySQL', 3, '(美)施瓦茨', '电子工业出版社', '9787121198854', 500, 'upload/e21ca362f1caeab7957cee967a23eaa3.png', '<div id=\"abstract\" class=\"section\">\n<div class=\"title\">编辑推荐</div>\n<div class=\"descrip\">\n<span id=\"abstract-all\"></span>\n<p> </p>\n<p> </p>\n<p>只要你不敢以MySQL专家自诩，又岂敢错过这本神书？</p>\n<p>一言以蔽之，写得好，编排得好，需要参考时容易到爆！</p>\n<p>我可是从头到尾看了一遍上一版，可还是毫不犹豫拿起了这本《高性能MySQL（第3版）》，而且看完后一点都不后悔……</p>\n<p> </p>\n<p>◎ 学习MySQL新特性，包括存储引擎、分区数据库、触发器和视图</p>\n<p>◎ 实现复制的改进、高可用和集群◎ 获得在云端运行MySQL的高性能</p>\n<p>◎ 优化高级查询特性，如全文索引</p>\n<p>◎ 从现代的多核CPU和固态硬盘中获益</p>\n<p>◎ 探索备份和恢复的策略，包括*的在线备份工具<br><br></p>\n </div>\n</div>\n<div id=\"content\" class=\"section\">\n<div class=\"title\">内容简介</div>\n<div class=\"descrip\">\n<span id=\"content-all\"></span>\n<p>　　《高性能MySQL（第3版）》是MySQL 领域的极佳之作，拥有广泛的影响力。第3 版更新了大量的内容，不但涵盖了新的MySQL5.5版本的新特性，也讲述了关于固态盘、高可扩展性设计和云计算环境下的数据库相关的新内容，原有的基准测试和性能优化部分也做了大量的扩展和补充。全书共分为16章和6 个附录，内容涵盖MySQL架构和历史，基准测试和性能剖析，数据库软硬件性能优化，复制、备份和恢复，高可用与高可扩展性，以及云端的MySQL和MySQL相关工具等方面的内容。每一章都是相对独立的主题，读者可以有选择性地单独阅读。<br>　　《高性能MySQL（第3版）》不但适合数据库管理员（DBA）阅读，也适合开发人员参考学习。不管是数据库新手还是专家，相信都能从本书有所收获。</p>\n</div>\n</div>\n<div id=\"authorIntroduction\" class=\"section\">\n<div class=\"title\">作者简介</div>\n<div class=\"descrip\"><span id=\"authorIntroduction-show\">　　BaronSchwartz是一位软件工程师，居住在弗吉尼亚州的Charlottesville，网络常用名是Xaprb，这是按照QWERTY键盘的顺序在Dvorak键盘上打出来的名字。在不忙于解决有趣的编程挑战时，Baron会和他的妻子Lynn以及小狗Carbon一起享受闲暇的时光。他有一个软件工程方面的博客。<br>　　PeterZaitsev曾经是MySQLAB公司高性能组的经理，目前在运作mysqlperformanceblog.com网站。他擅长于帮助那些每天有数以百万计访问量的网站的管理员解决问题，这些网站通常需要几百台机器来处理TB级的数据。他常常为了解决一个问题而不停地升级硬件和软件（比如查询优化）。Peter还经常在各种会议上演讲。<br>　　VadimTkachenko曾经是MySQLAB公司的性能工程师。作为一名在多线程编程和同步方面的专家，他的主要工作是基准测试、性能剖析，以及找出系统的性能瓶颈。他还在性能监控和调优方面做了一些工作，使得MySQL在多核机器上有更好的可扩展性。<br>　　译者简介<br>　　宁海元有超过十年的数据库管理经验，从一开始的SQLServer2000到Oracle再到MySQL，擅长数据库高可用架构、性能优化和故障诊断。</span></div>\n</div>');
INSERT INTO `shuji` VALUES (17, 'Python机器学习', 3, '周晓玲', '中国青年出版社', '9787515362298', 500, 'upload/dddf348dcb8471142651d133739174ba.png', '<div id=\"feature\" class=\"section\">\n<div class=\"descrip\">\n<p><img src=\"http://img53.ddimg.cn/99999990248145523.jpg\"></p>\n</div>\n</div>\n<div id=\"abstract\" class=\"section\">\n<div class=\"title\">编辑推荐</div>\n<div class=\"descrip\">\n<span id=\"abstract-all\"></span>\n<p>写这本书的目的是为那些想要学习和了解、使用机器的人提供一本“看了就能掌握的机器学习”的书。机器学习和人工智能息息相关，在各个领域都有报道过实用案例，Google旗下的 DeepMind公司研发的“阿尔法围棋”程序在世界*等级的专业围棋职业棋手比赛上取得了胜利，可见人工智能的发展是令人刮目相看的。虽说由于计算机能力的提高和软件设计环境的完善让机器学习变得轻松，但是为了正确使用机器学习，需要适当地进行数据处理、算法选择、结果的评价和调整等一系列的工作。本书就是以正确进行这些工作为目标，专注于使用机器学习需要掌握的基础部分。书中没有怎么涉及到理论部分，主要着眼于怎么使用、如何活用。</p>\n </div>\n</div>\n<div id=\"content\" class=\"section\">\n<div class=\"title\">内容简介</div>\n<div class=\"descrip\">\n<span id=\"content-all\"></span>\n<p>《Python机器学习》讲解未来人工智能技术中的机器学习，从入门知识到实践。全书分为“导入篇”、“基础篇”、“实践篇”三部分。<br>    导入篇包括第1章和第2章的内容。第1章是关于Python的安装和语言的说明及阅读本书需要进行的准备等，“快速教程”中将对通过Python如何接触机器学习进行说明，章节末尾的“短文 深度学习是什么”中，会涉及到*近引人关注的深度学习的历史及其现状； 第2章中将概述机器学习的各个方面。<br>    基础篇从第3章到第5章，将对分类问题、回归问题、聚类进行说明。特别是在“第3章 分类问题”，阐述了性能的评价方法及其注意要点，这是使用机器学习需要掌握的基础部分。<br>    第6章和第7章的定位为实践篇，讲解了一些实际应用。第6章以手形状分类为题材，用和实际相近的形状进行数据收集，创建分类器，并进行评价；第7章中会看到传感器数据的处理方法，*后阐述了本篇的结束语。</p>\n</div>\n</div>\n<div id=\"authorIntroduction\" class=\"section\">\n<div class=\"title\">作者简介</div>\n<div class=\"descrip\">\n<span id=\"authorIntroduction-all\"></span>\n<p>【日】系统规划研究所/ISP: 系统规划研究所是一家以技术为导向的软件设计开发公司，在日常的业务中，他们会使用如深度学习和画像处理、数据分析等更高级技术。近年来他们的研究工作推动了AI、机器学习的发展。</p>\n</div>\n</div>\n<div id=\"catalog\" class=\"section\">\n<div class=\"title\"> </div>\n</div>');
INSERT INTO `shuji` VALUES (18, 'Kubernetes实战', 3, '[美]布兰登·伯恩斯', '机械工业出版社', '9787111672128', 500, 'upload/bd267d34449cfe738a816d575cf54669.png', '<div id=\"feature\" class=\"section\">\n<div class=\"descrip\">\n<p><img src=\"http://img54.ddimg.cn/99999990258979984.jpg\"></p>\n</div>\n</div>\n<div id=\"abstract\" class=\"section\">\n<div class=\"title\">编辑推荐</div>\n<div class=\"descrip\">\n<span id=\"abstract-all\"></span>\n<p>在本书中，四位在分布式系统、企业应用开发和开源领域有着丰富经验的Kubernetes专家将会对使用Kubernetes容器编排系统构建应用进行全程指导。他们的经验来源于在生产环境中成功运行Kubernetes的众多企业，书中的很多方法也通过具体的代码示例来说明。<br>本书面向已经熟悉Kubernetes 的基本概念，想进一步学习通用的*佳实践的读者。本书提供了在Kubernetes上构建应用所需的知识。</p>\n </div>\n</div>\n<div id=\"content\" class=\"section\">\n<div class=\"title\">内容简介</div>\n<div class=\"descrip\">\n<span id=\"content-all\"></span>\n<p>在本书中，四位在分布式系统、企业应用开发和开源领域有着丰富经验的 Kubernetes 专家将会对如何使用 Kubernetes 容器编排系统构建应用进行全程指导。本书内容丰富，涵盖开发人员的工作流程、监控和度量指标、配置管理、持续集成和测试、版本控制与发布、应用程序的全球化部署、资源管理、网络、Pod安全、集群策略与治理、多集群管理、外部服务集成、机器学习、如何在Kubernetes上构建更高层次的平台、状态管理和有状态应用程序、许可控制与授权等，是一本非常全面的实践指南。</p>\n</div>\n</div>\n<div id=\"catalog\" class=\"section\">\n<div class=\"title\">目　　录</div>\n<div class=\"descrip\"><span id=\"catalog-show\">前言1<br>第1章 搭建一个基本服务7<br>1.1 应用程序概览7<br>1.2 配置文件管理7<br>1.3 使用Deployment创建多副本服务9<br>1.4 为HTTP流量配置外部Ingress12<br>1.5 使用ConfigMap配置应用程序13<br>1.6 使用Secret管理认证15<br>1.7 部署简单的有状态数据库18<br>1.8 使用服务创建TCP负载均衡器21<br>1.9 使用Ingress将流量路由到静态文件服务器22<br>1.10 使用Helm参数化应用程序24<br>1.11 部署服务的最佳实践26<br>1.12 小结27</span></div>\n</div>');
INSERT INTO `shuji` VALUES (19, '此时不必问去哪里', 2, '独木舟', '山东文艺出版社', '9787532961245', 500, 'upload/d7dfc63f683d4f97808287f69b942556.png', '<div id=\"abstract\" class=\"section\">\n<div class=\"descrip\">\n<p><a href=\"http://product.dangdang.com/28540330.html\"><img src=\"http://img54.ddimg.cn/99999990203349774.jpg\"></a>　<br>　　一、80后文学领军人物、畅销作家独木舟暌违五年，2020长篇力作。<br>　　千万大号转发的金句女王，五年后更加成熟的写作试炼。既有《月亮与六便士》的自我探索，也有《三十而已》的<br>　　现实描绘。<br>　　二、无论身处都市还是城镇，我们的迷惘和无措的分量都是相等的。<br>　　我们都经历过伤痕累累的感情，也不知道该往何处去。但我们终究会在茫然而痛苦中认识自己，认识人生。不必先<br>　　问去哪里，先搞清楚我们是谁。<br>　　三、如果一个人想要做一件真正忠于自己内心的事情，那么往往只能一个人独自去做。<br>　　我们是谁？我们真正想要什么？或许读完此书我们都该问一问自己，我们上场并不一定是为了胜利，上场只是我们的使命。毕竟人生只是一意孤行的失败和妥协后的成功。<br>　　四、两个平凡女孩的故事，一个平凡的世界。<br>　　强装着纸醉金迷的北京里承载着你*向往的生活，却也处处隐藏着无常而丰富的人生。这个两个女孩的故事，外表<br>　　看似普通，灵魂却可以及其汹涌，亦如你我一般。<br>　　五、明白无常，理解无常，并且真正接受它。<br>　　如果人生是一条高低起伏的山脉，年岁的增长不过是其中一个又一个垭口，我们不知道会遇见什么事，遇到什么人，<br>　　我们只知道，无常的命运里自己才可以掌控自己。<br>　　六、这本书会给你以眼泪、以欢笑、以温暖、以共鸣，会成为你微弱的光束。<br>　　无论你身在何处，希望你的心灵都得到安慰，不致被孤独所侵蚀。</p>\n </div>\n</div>\n<div id=\"content\" class=\"section\">\n<div class=\"title\">内容简介</div>\n<div class=\"descrip\">\n<span id=\"content-all\"></span>\n<p>　　<br>　　你说人生中几件很重要的事是什么？<br>　　因为深爱的男人的一句话，26岁的小城女孩空空扔下自己在家乡庸碌的工作，来到北京。她想逃离舒适圈，去做真正有意义的事。<br>　　27岁的都市女孩宝音拥有着美丽的外表、精致的生活以及一个看上去十分般配的男友。但在某一次契机中，她忽然领悟：她不爱他，也不爱其他任何人。<br>　　她们不在同一条船上，却在同一场风暴里。在剧烈的失去的痛苦下，她们逐渐变成可以相互展示伤口的朋友。在飘荡广阔的北京，两个女孩让彼此明白：在无常的命运里，在反复自我拉扯的过程中，知道自己生命中*重要的那件事是多么的珍贵。</p>\n<p> </p>\n</div>\n</div>\n<div id=\"authorIntroduction\" class=\"section\">\n<div class=\"title\"> </div>\n</div>');
INSERT INTO `shuji` VALUES (20, '三体：全三册', 2, '刘慈欣', '重庆出版社', '23579654', 500, 'upload/a41723be400bb796109a82f98a6b0860.png', '<div id=\"feature\" class=\"section\">\n<div class=\"descrip\">\n<p><img src=\"http://img59.ddimg.cn/99999990138288929.jpg\"></p>\n</div>\n</div>\n<div id=\"abstract\" class=\"section\">\n<div class=\"title\">编辑推荐</div>\n<div class=\"descrip\"><span id=\"abstract-show\">　 相关推荐：三体中的物理学　<br>《三体》的幻想源于经典物理中的三体问题，即三个体积质量相当的天体，在远离其它星系以致其它星系的引力影响可忽略不计的情况下，三个天体在互相引力的作用下互相围绕运行，其运行轨迹将产生不可预测的混沌。很多年来，数学家们一直希望能建立三体乃至多体问题的数学模型，可遗憾的是，得到的结果仅仅是三体问题在非限制条件下的不可解。刘慈欣正是基于这样的科学事实，用大胆的想象和严谨的推断，在三体星系的行星中构建了一个外星文明形态，并描绘了该文明在如同不可捉摸的命运一般的“恒纪元”与“乱纪元”[注1]的轮替中，数百次的毁灭和重生。三体的故事有着广袤的时间与空间纬度，其以明暗两条线索发展，一条描述了科学家叶文洁在目睹了文革的疯狂与愚昧之后，痛苦的思索着后工业时代对人本复归的扼杀以及人类文明种种深入骨髓的病态，在一次偶然的科学实验中，她利用太阳作为发射天线，向宇宙中发出了人类文明存在的信号，多年后，她竟然收到了来自另外一个文明的回复，该回复用急促的句子阻止着地球人进一步的沟通，因为“如果你们的世界被定位，那么你们将被入侵”，但是出于对人类文明的绝望以及对外来高等智慧道德观念的美好幻想，叶文洁毅然的向太空中发射了回复的信息，向外星文明表示“人类文明病入膏肓，我们需要你们的帮助改造”……于是，三体世界的舰队开始向地球前进，并通过“智子”[注2]锁死了地球科技的进步，使地球文明不至于在四百年后三体舰队到达地球时已经远远的超过三体世界的文明水平，同时，叶文洁也组织起所有地球上对人类文明深感厌倦的力量，成为地球上的三体叛军。另一条暗线则描述了三体文明的大致形态，由于三体星系运行的混沌，该文明一直生活在朝不保夕的不可预测当中，乃至于其文明经历了数百次的毁灭与重生，*后，他们抛弃了一切的人文情感，建立起一种机械般精确却冰冷的社会形态。<br>　　　　<br>　　刘在《后记》中介绍，他希望描述一个零道德的宇宙图景，但是《三体》本身却并非是零道德的，它充满了对于人类社会的道德反思，从极权社会人性的泯灭，到人类追求利益的那条鲜血淋漓的途径，再到后工业时代的人类沙文主义以及人类发展与环境的关系，他精确的描述了人类社会产生的罪恶以及现代主义所担忧的科学、技术、工业给人文世界带来的冲击，并通过道德碰撞营造出戏剧冲突。刘本身在《三体》中未介入作任何的道德论断——事实上，虽然作为“反派”出现，叶文洁们所拥有的悲天悯人的情怀却让人不得不肃然起敬——但是这篇文章却处处透射出对真理、美好、平等等普遍伦理的向往，并闪现出不少的个体光辉，值得我们献上**的赞礼。</span></div>\n</div>');
INSERT INTO `shuji` VALUES (21, '邮轮碎片', 2, '刘心武', '人民文学出版社', '29117976', 500, 'upload/fe4fd5ef9ba8797b2c2fc7f0bb471795.png', '<div id=\"abstract\" class=\"section\">\n<div class=\"title\">编辑推荐</div>\n<div class=\"descrip\">\n<span id=\"abstract-all\"></span>\n<p><strong>中国首部</strong><strong>“拼图</strong><strong>式</strong><strong>小说”</strong><strong>、</strong><strong>“乐高小说”</strong></p>\n<p><strong>用精巧布局</strong><strong>考验</strong><strong>阅读</strong><strong>智慧</strong></p>\n<p><strong>草蛇灰线，马迹蛛丝</strong><strong>；</strong><strong>隐于不言，细入无间</strong></p>\n<p><strong>海上</strong><strong>大观园</strong><strong>、</strong><strong>邮轮</strong><strong>浮生</strong><strong>梦</strong><strong>：你的</strong><strong>秘密与谁有关？</strong></p>\n<p><strong>附原创精美插图</strong></p>\n </div>\n</div>\n<div id=\"content\" class=\"section\">\n<div class=\"title\">内容简介</div>\n<div class=\"descrip\">\n<span id=\"content-all\"></span>\n<p>一次地中海的邮轮之行，八个家庭的红尘翻覆，四百个片段的精致跳荡，四代人的昔日今生。</p>\n<p>刘心武的作品颠覆了传统小说的形式，继承了《红楼梦》写人物的精髓。它在封闭空间中敞开记忆，在智力拼图中寻求完整。它捕捉草蛇灰线，马迹蛛丝，在隐于不言，细入无间中，牵一发动全身；它把时代发展和人性隐秘做成“秘密浓缩丸”，缓解爱之痛、情之伤。它游移、奇异、充满暗示；它捕捉碎片的逻辑，呈现新与旧交叉、人与人互文的格局。轻盈的行文只为与你共同感受生命在片刻之间留下的重量……</p>\n</div>\n</div>\n<div id=\"authorIntroduction\" class=\"section\">\n<div class=\"title\">作者简介</div>\n<div class=\"descrip\">\n<span id=\"authorIntroduction-all\"></span>\n<p>刘心武，1942年出生。曾任《人民文学》杂志主编。代表作有短篇小说《班主任》、长篇小说《钟鼓楼》（获第二届茅盾文学奖）、《刘心武揭秘红楼梦》。</p>\n</div>\n</div>\n<div id=\"mediaFeedback\" class=\"section\">\n<div class=\"title\">媒体评论</div>\n<div class=\"descrip\">\n<span id=\"mediaFeedback-all\"></span>\n<p> </p>\n<p>刘心武对生活感受敏锐，善于作理性的宏观把握，写出了不少具有社会思考特点的小说，作风严谨，意蕴深厚。</p>\n<p>——人民网</p>\n<p>作为一个“贯穿型的写作者”，一个“马拉松长跑式的写作者”，刘心武在写作这条路上已经坚持了半个多世纪。他形容自己的写作是为读者“种四棵树”——“小说树”“散文随笔树”“《红楼梦》研究树”和“建筑评论树”。尤其是小说创作，虽历经岁月，仍守住一片匠心。</p>\n<p>——凤凰网</p>\n</div>\n</div>');
INSERT INTO `shuji` VALUES (22, '晚熟的人', 2, '莫言', '人民文学出版社', '9787020164776', 500, 'upload/9bba3310a7b756cf1ad505269162d1fc.png', '<div id=\"feature\" class=\"section\">\n<div class=\"descrip\">\n<p><img src=\"http://img50.ddimg.cn/99999990188131190.jpg\"></p>\n</div>\n</div>\n<div id=\"abstract\" class=\"section\">\n<div class=\"title\">编辑推荐</div>\n<div class=\"descrip\">\n<span id=\"abstract-all\"></span>\n<p>.</p>\n </div>\n</div>\n<div id=\"authorIntroduction\" class=\"section\">\n<div class=\"title\">作者简介</div>\n<div class=\"descrip\">\n<span id=\"authorIntroduction-all\"></span>\n<p>莫言，山东高密人，2012年诺贝尔文学奖得主，是中国首位获此殊荣的作家。</p>\n<p>代表作品有《红高粱家族》《丰乳肥臀》《檀香刑》《生死疲劳》《蛙》等长篇小说十一部，《透明的红萝卜》《白狗秋千架》《与大师约会》等中短篇小说一百余部。莫言创造了一个以“高密东北乡”为地标的文学世界，这片土地上融汇了真实与想象的故事，不仅可以看作中国社会的缩影，并且能延伸至全人类的生存境遇。他的作品被译为英、法、德、意、日、西、俄、韩等五十多种语言，在世界范围内产生了广泛影响。</p>\n</div>\n</div>\n<div id=\"catalog\" class=\"section\">\n<div class=\"title\">目　　录</div>\n<div class=\"descrip\">\n<span id=\"catalog-all\"></span>\n<p><strong>目录</strong></p>\n<p><strong> </strong></p>\n<p>1.左镰</p>\n<p>2.晚熟的人</p>\n<p>3.斗士</p>\n<p>4.贼指花</p>\n<p>5.等待摩西</p>\n<p>6.诗人金希普</p>\n<p>7.表弟宁赛叶</p>\n<p>8.地主的眼神</p>\n<p>9.澡堂与红床</p>\n<p>10.天下太平</p>\n<p>11.火把与口哨</p>\n<p>12.红唇绿嘴</p>\n</div>\n</div>\n<div id=\"mediaFeedback\" class=\"section\">\n<div class=\"title\">媒体评论</div>\n<div class=\"descrip\"><span id=\"mediaFeedback-show\">在我做文学院院士的16年里，没有人能像他的作品那样打动我。在目前仍在世的作家中，莫言不仅是中国*伟大的作家，也是世界上*伟大的作家。<br>——诺贝尔文学奖评委会主席 佩尔·韦斯特伯格<br><br>莫言是一位诗人，一位撕碎程式化的宣传海报，把个人从湮没无名的芸芸大众之中提升起来的诗人。莫言的想象飞越于整个人类的存在状态之上。<br>——诺贝尔文学奖授奖辞<br><br>如果在世界上给短篇小说排出前五名的话，莫言的应该进去。<br>——诺贝尔文学奖得主、日本著名作家大江健三郎</span></div>\n</div>');

-- ----------------------------
-- Table structure for yonghu
-- ----------------------------
DROP TABLE IF EXISTS `yonghu`;
CREATE TABLE `yonghu`  (
  `id` int(10) UNSIGNED NOT NULL AUTO_INCREMENT,
  `cx` varchar(50) CHARACTER SET utf8mb4 COLLATE utf8mb4_general_ci NOT NULL COMMENT '权限',
  `username` varchar(50) CHARACTER SET utf8mb4 COLLATE utf8mb4_general_ci NOT NULL DEFAULT '' COMMENT '帐号',
  `pwd` varchar(50) CHARACTER SET utf8mb4 COLLATE utf8mb4_general_ci NOT NULL DEFAULT '' COMMENT '密码',
  `xingming` varchar(50) CHARACTER SET utf8mb4 COLLATE utf8mb4_general_ci NOT NULL DEFAULT '' COMMENT '姓名',
  `xingbie` varchar(10) CHARACTER SET utf8mb4 COLLATE utf8mb4_general_ci NOT NULL COMMENT '性别',
  `shouji` varchar(50) CHARACTER SET utf8mb4 COLLATE utf8mb4_general_ci NOT NULL DEFAULT '' COMMENT '手机',
  PRIMARY KEY (`id`) USING BTREE
) ENGINE = InnoDB AUTO_INCREMENT = 6 CHARACTER SET = utf8mb4 COLLATE = utf8mb4_general_ci COMMENT = '用户' ROW_FORMAT = Dynamic;

-- ----------------------------
-- Records of yonghu
-- ----------------------------
INSERT INTO `yonghu` VALUES (1, '管理员', 'admin', 'admin', '张全蛋', '男', ' 13800138000');
INSERT INTO `yonghu` VALUES (2, '用户', '001', '000', '小明', '男', ' 13800138001');
INSERT INTO `yonghu` VALUES (3, '用户', '002', '000', '小红', '女', ' 13800138002');
INSERT INTO `yonghu` VALUES (4, '用户', '003', '000', '大纲', '男', '13100131000');
INSERT INTO `yonghu` VALUES (5, '用户', '004', '000', '小林', '男', '13200132001');

SET FOREIGN_KEY_CHECKS = 1;
